title,description,content,publishedAt,url,source,topic,clean_text,sentiment_gemini,sentiment_score
Meet the Top 10 AI-Proof Jobs That Everyone Wants,"""Artificial intelligence is going to replace literally half of all white-collar workers in the U.S.,"" one CEO says. But not these.","AI is rapidly scaling in the workforce and creating fears of an employment crisis, as workers and people entering the workforce try to figure out if their career is on the chopping block.
That quick… [+5534 chars]",2025-08-31T19:25:08Z,https://gizmodo.com/ai-proof-jobs-a-robot-cant-do-2000651426,Gizmodo.com,Artificial Intelligence,"Meet the Top 10 AI-Proof Jobs That Everyone Wants Artificial intelligence is going to replace literally half of all white-collar workers in the U.S., one CEO says. But not these.",Neutral,0.0
‘Tron: Ares’ Star Says Her Character Reveals a Hard Truth About AI and Humans,Jodie Turner-Smith likened her character's arc to what happens when an artificial intelligence (like Grok) falls into the wrong hands.,"Even in the opening moments of the Tron: Ares trailer, the story wastes no time in putting humanity’s future with artificial intelligence into jeopardy. And while lots of fans are wondering what kind… [+3352 chars]",2025-09-03T15:00:22Z,https://gizmodo.com/tron-ares-star-says-her-character-reveals-a-hard-truth-about-ai-and-humans-2000652674,Gizmodo.com,Artificial Intelligence,Tron: Ares Star Says Her Character Reveals a Hard Truth About AI and Humans Jodie Turner-Smith likened her character's arc to what happens when an artificial intelligence like Grok falls into the wrong hands.,Neutral,0.0
Did Nvidia Just Pop an AI Bubble? Here’s What the Market Says,Lukewarm results from artificial intelligence giant Nvidia have the entire market asking if the AI boom is heading for the exits.,"Lukewarm second quarter results from AI powerhouse Nvidia (NVDA) Wednesday have Wall Street bros and the analysts that love them catching all kinds of feelings.
Long a bellwether for how the market … [+4629 chars]",2025-08-28T10:46:19Z,https://gizmodo.com/did-nvidia-just-pop-an-ai-bubble-heres-what-the-market-says-2000649432,Gizmodo.com,Artificial Intelligence,Did Nvidia Just Pop an AI Bubble? Heres What the Market Says Lukewarm results from artificial intelligence giant Nvidia have the entire market asking if the AI boom is heading for the exits.,Negative,-0.5
AI invents new antibiotics that could kill superbugs gonorrhoea and MRSA,"Two new potential drugs have been designed, by an artificial intelligence model, to kill gonorrhoea and MRSA","Artificial intelligence has invented two new potential antibiotics that could kill drug-resistant gonorrhoea and MRSA, researchers have revealed.
The drugs were designed atom-by-atom by the AI and k… [+4271 chars]",2025-08-14T15:03:49Z,https://www.bbc.com/news/articles/cgr94xxye2lo,BBC News,Artificial Intelligence,"AI invents new antibiotics that could kill superbugs gonorrhoea and MRSA Two new potential drugs have been designed, by an artificial intelligence model, to kill gonorrhoea and MRSA",Positive,0.7
Gemini for Home is Google’s biggest smart home play in years,"It’s finally happening: Google Assistant in the home is getting its Gemini glow-up. “Gemini for Home” is an all-new voice assistant for Google Home, set to arrive later this year, the company announced today.  This new voice assistant, powered by Google’s Gem…","<ul><li></li><li></li><li></li></ul>
The all-new, more powerful assistant will arrive on Nest smart speakers and displays later this year.
The all-new, more powerful assistant will arrive on Nest s… [+6425 chars]",2025-08-20T16:59:47Z,https://www.theverge.com/news/762370/google-announces-gemini-for-home-nest-smart-speakers-voice-assistant,The Verge,Artificial Intelligence,"Gemini for Home is Googles biggest smart home play in years Its finally happening: Google Assistant in the home is getting its Gemini glow-up. Gemini for Home is an all-new voice assistant for Google Home, set to arrive later this year, the company announced today. This new voice assistant, powered by Googles Gem",Positive,0.6
"OpenAI comes for Hollywood with Critterz, an AI-powered animated film","OpenAI is on a mission to show Hollywood that generative artificial intelligence can deliver results and is throwing its weight behind an animated feature film it hopes will stand toe-to-toe with much costlier productions, according to the Wall Street Journal…","<ul><li></li><li></li><li></li></ul>
OpenAI hopes Critterz will convince wary film execs to embrace AI with its low budget and accelerated production schedule. 
OpenAI hopes Critterz will convince … [+2022 chars]",2025-09-08T10:56:43Z,https://www.theverge.com/news/773584/openai-animated-feature-film-critterz,The Verge,Artificial Intelligence,"OpenAI comes for Hollywood with Critterz, an AI-powered animated film OpenAI is on a mission to show Hollywood that generative artificial intelligence can deliver results and is throwing its weight behind an animated feature film it hopes will stand toe-to-toe with much costlier productions, according to the Wall Street Journal",Neutral,0.0
Tesla’s new ‘Master Plan’ sounds like AI slop,"Tesla's latest ""Master Plan"" makes a few things clear right out of the gate: the company that was once known for accelerating the push toward a brighter future by popularizing electric vehicles and renewable energy is no longer interested in that quotidian st…","<ul><li></li><li></li><li></li></ul>
The fourth installment in the automakers Master Plan series seizes on flashy new buzzwords: sustainable abundance. But it cant ignore the realities of its declin… [+7530 chars]",2025-09-02T17:17:08Z,https://www.theverge.com/tesla/769009/tesla-master-plan-4-ai-robotics-abundance,The Verge,Artificial Intelligence,Teslas new Master Plan sounds like AI slop Tesla's latest Master Plan makes a few things clear right out of the gate: the company that was once known for accelerating the push toward a brighter future by popularizing electric vehicles and renewable energy is no longer interested in that quotidian st,Negative,-0.6
Meta’s Already Bleeding AI Talent Two Months Into Hiring Spree,"Zuckerberg’s quest to artificial superintelligence is off to a rocky start. OpenAI, however, gets the final laugh.","Meta CEO Mark Zuckerberg wants to be the first to achieve AI superintelligence, a type of artificial intelligence that is smarter than the average human, and a concept that some experts are still hig… [+3944 chars]",2025-08-27T17:45:09Z,https://gizmodo.com/metas-already-bleeding-ai-talent-two-months-into-hiring-spree-2000649110,Gizmodo.com,Artificial Intelligence,"Metas Already Bleeding AI Talent Two Months Into Hiring Spree Zuckerbergs quest to artificial superintelligence is off to a rocky start. OpenAI, however, gets the final laugh.",Negative,-0.7
"US Judge says Google can keep Chrome, but 'exclusive deals' are a no-go","U.S. District Judge Amit Mehta's ruling delivers a ruling that has evolved due to the inclusion of ""general artificial intelligence.""","What you need to know
<ul><li>Today (Sep 2), U.S. Judge Amit Mehta's ruling says that Google will not have to divest Chrome or Android in its antitrust case regarding its online search monopoly.</li… [+2799 chars]",2025-09-03T09:02:00Z,https://www.androidcentral.com/apps-software/us-judge-google-can-keep-chrome-exclusive-deals-are-a-no-go,Android Central,Artificial Intelligence,"US Judge says Google can keep Chrome, but 'exclusive deals' are a no-go U.S. District Judge Amit Mehta's ruling delivers a ruling that has evolved due to the inclusion of general artificial intelligence.",Neutral,0.0
AI Is Eliminating Jobs for Younger Workers,New research from Stanford provides the clearest available evidence that AI is reshaping the workforce—but it’s complicated.,Economists at Stanford University have found the strongest evidence yet that artificial intelligence is starting to eliminate certain jobs. But the story isnt that simple: While younger workers are b… [+3809 chars],2025-08-26T07:00:00Z,https://www.wired.com/story/stanford-research-ai-replace-jobs-young-workers/,Wired,Artificial Intelligence,AI Is Eliminating Jobs for Younger Workers New research from Stanford provides the clearest available evidence that AI is reshaping the workforcebut its complicated.,Negative,-0.4
Online travel platforms prepare for rise of artificial intelligence ‘agents’ - Financial Times,"<a href=""https://news.google.com/rss/articles/CBMicEFVX3lxTE9nc2tGV0tieE1aZFplam9tNW81WWMydGV3UHVicnZ6bTExcXQ0TFN4dll3NjBsYUtGUGI4Q3lWdVlpa29XQUtFMUdNRDB5WVBvRkJ6bGYtd2dINWY2NThySW82SnQ0aVJ6VnMya1d6WS0?oc=5"" target=""_blank"">Online travel platforms prepare for rise of artificial intelligence ‘agents’</a>&nbsp;&nbsp;<font color=""#6f6f6f"">Financial Times</font>",,"Tue, 09 Sep 2025 04:00:22 GMT",https://news.google.com/rss/articles/CBMicEFVX3lxTE9nc2tGV0tieE1aZFplam9tNW81WWMydGV3UHVicnZ6bTExcXQ0TFN4dll3NjBsYUtGUGI4Q3lWdVlpa29XQUtFMUdNRDB5WVBvRkJ6bGYtd2dINWY2NThySW82SnQ0aVJ6VnMya1d6WS0?oc=5,Financial Times,Artificial Intelligence,Online travel platforms prepare for rise of artificial intelligence agents - Financial Times a href targetblankOnline travel platforms prepare for rise of artificial intelligence agentsanbsp;nbsp;font colorFinancial Timesfont,Neutral,0.0
Artificial intelligence in the office and the factory: Evidence from administrative software registry data - CEPR,"<a href=""https://news.google.com/rss/articles/CBMitgFBVV95cUxPelZiX01sa2s1YVNRM3k2NnZucENwRml5Q2x3R2RjcTNPTEtZSU10U1QzbHV2N3I1MGpDUkszV2V1cDgwZFlvRXZEd1lnUTkxRnJWaHJ3c1U1VmtJRElxa01HakVJdl9uZ0g0LUM3cjhTZ21LWWxycWdBRFFabDVYQ0FFbmY2YWtvbDJ3SV9EWHViR0IzX0hzamRkTGdWd3hLdUdyZThYdFd4OFRqcjJpdS05SDllQQ?oc=5"" target=""_blank"">Artificial intelligence in the office and the factory: Evidence from administrative software registry data</a>&nbsp;&nbsp;<font color=""#6f6f6f"">CEPR</font>",,"Mon, 08 Sep 2025 23:07:21 GMT",https://news.google.com/rss/articles/CBMitgFBVV95cUxPelZiX01sa2s1YVNRM3k2NnZucENwRml5Q2x3R2RjcTNPTEtZSU10U1QzbHV2N3I1MGpDUkszV2V1cDgwZFlvRXZEd1lnUTkxRnJWaHJ3c1U1VmtJRElxa01HakVJdl9uZ0g0LUM3cjhTZ21LWWxycWdBRFFabDVYQ0FFbmY2YWtvbDJ3SV9EWHViR0IzX0hzamRkTGdWd3hLdUdyZThYdFd4OFRqcjJpdS05SDllQQ?oc=5,CEPR,Artificial Intelligence,Artificial intelligence in the office and the factory: Evidence from administrative software registry data - CEPR a href targetblankArtificial intelligence in the office and the factory: Evidence from administrative software registry dataanbsp;nbsp;font colorCEPRfont,Neutral,0.0
NASA Partnerships Allow Artificial Intelligence to Predict Solar Events - NASA (.gov),"<a href=""https://news.google.com/rss/articles/CBMixgFBVV95cUxOYlpaNGtkRXNFVWxSMThoekVxQ1l3WHBDcnhOMVFlS0tSNmtEcUpSQXNoZ0FzTEhxaENUdzZoc2cxNThDbnRySS1TZEFmQVJKdE8ydUozQk9HMnBVRmtVWG1SRGdMSG9YNndWcFhPQ1UzYjhMaVlXVHpNUVhvcUtwUnpvVGVGUU5xR3Npd1ZZSjVBOER1WEFYYXdVWVdYZ3dmeUhlcms1NkFiSUVxbTJjVy14N21VS0dDa1licVRzUloyaTM3NWc?oc=5"" target=""_blank"">NASA Partnerships Allow Artificial Intelligence to Predict Solar Events</a>&nbsp;&nbsp;<font color=""#6f6f6f"">NASA (.gov)</font>",,"Tue, 09 Sep 2025 15:43:26 GMT",https://news.google.com/rss/articles/CBMixgFBVV95cUxOYlpaNGtkRXNFVWxSMThoekVxQ1l3WHBDcnhOMVFlS0tSNmtEcUpSQXNoZ0FzTEhxaENUdzZoc2cxNThDbnRySS1TZEFmQVJKdE8ydUozQk9HMnBVRmtVWG1SRGdMSG9YNndWcFhPQ1UzYjhMaVlXVHpNUVhvcUtwUnpvVGVGUU5xR3Npd1ZZSjVBOER1WEFYYXdVWVdYZ3dmeUhlcms1NkFiSUVxbTJjVy14N21VS0dDa1licVRzUloyaTM3NWc?oc=5,NASA (.gov),Artificial Intelligence,NASA Partnerships Allow Artificial Intelligence to Predict Solar Events - NASA .gov a href targetblankNASA Partnerships Allow Artificial Intelligence to Predict Solar Eventsanbsp;nbsp;font colorNASA .govfont,Positive,0.6
4 Artificial Intelligence Stocks You Can Buy and Hold for the Next Decade - Yahoo Finance,"<a href=""https://news.google.com/rss/articles/CBMiigFBVV95cUxNY213M1lzc0NiZUxFc0RRQ2lQQlpDWksxcE5xU015OWRoTDlfMEFlb08tWDA1VW04WkU4ekU1VUQ4RERfM3V5dlh1b0w5TnVPM01MTXM3cENERktJNThLSnlBc2poRmFjUnY4elozblZLOE5POU1WRi0ycjExWExfNG9wd2NsRlZ3dnc?oc=5"" target=""_blank"">4 Artificial Intelligence Stocks You Can Buy and Hold for the Next Decade</a>&nbsp;&nbsp;<font color=""#6f6f6f"">Yahoo Finance</font>",,"Tue, 09 Sep 2025 11:30:00 GMT",https://news.google.com/rss/articles/CBMiigFBVV95cUxNY213M1lzc0NiZUxFc0RRQ2lQQlpDWksxcE5xU015OWRoTDlfMEFlb08tWDA1VW04WkU4ekU1VUQ4RERfM3V5dlh1b0w5TnVPM01MTXM3cENERktJNThLSnlBc2poRmFjUnY4elozblZLOE5POU1WRi0ycjExWExfNG9wd2NsRlZ3dnc?oc=5,Yahoo Finance,Artificial Intelligence,4 Artificial Intelligence Stocks You Can Buy and Hold for the Next Decade - Yahoo Finance a href targetblank4 Artificial Intelligence Stocks You Can Buy and Hold for the Next Decadeanbsp;nbsp;font colorYahoo Financefont,Positive,0.7
Volkswagen to Invest $1.2 Billion in Artificial Intelligence by 2030 - The Wall Street Journal,"<a href=""https://news.google.com/rss/articles/CBMirANBVV95cUxNY1AybThqT3paazhESEN5eWNzbUtXTERWbzdTYkoyUUxObVYwNXY2S0ZJR1Ixd2JuZnVSSGFkZjZWQkJlOFFMTUdDQXRPQlBXQnAzSHRjbDZSbGxKQzRmNXl1Nk9GLU9RWFdudzhZYTFpRWZWXzB4NU83dVNNZEwydHVGWVRpQzVYNm5IMXp4UzZJdDNKTVZKdG00SXZDVHJmY3U4dFJhT1JseXRSX2ljMVVJWnJyOHc5TUltMDdwRnlVWS1UZ09qdF9veThYdV8zVWE1R1NvNkdrdkNWNW5OUWVIN0ZTRTFyUWlBNEpDZXRuLXJQSEx2dVRmV3BicmF6N0w0X19zYWw3ZjM4MkJKX1dxc1M4b3NIRFlkbkZkakI0Rk1QcU8wTThjN3pYQzBLSzJldHV3YlpUeml6NHhEcm11ZWlqQTQ1QVNuS2hzbmF2SU9oT0V0NGctN2JhZUQ3T05uZHczTl9HR2F3RlVvNl9ySThOeUl5ZHBzNGdIYkhaWXdLVFh4eUE1WUpfeFNvMjBJbzQ0TGVYM2NhWUtBaFFsRFQwaFRYRENrWg?oc=5"" target=""_blank"">Volkswagen to Invest $1.2 Billion in Artificial Intelligence by 2030</a>&nbsp;&nbsp;<font color=""#6f6f6f"">The Wall Street Journal</font>",,"Tue, 09 Sep 2025 11:57:00 GMT",https://news.google.com/rss/articles/CBMirANBVV95cUxNY1AybThqT3paazhESEN5eWNzbUtXTERWbzdTYkoyUUxObVYwNXY2S0ZJR1Ixd2JuZnVSSGFkZjZWQkJlOFFMTUdDQXRPQlBXQnAzSHRjbDZSbGxKQzRmNXl1Nk9GLU9RWFdudzhZYTFpRWZWXzB4NU83dVNNZEwydHVGWVRpQzVYNm5IMXp4UzZJdDNKTVZKdG00SXZDVHJmY3U4dFJhT1JseXRSX2ljMVVJWnJyOHc5TUltMDdwRnlVWS1UZ09qdF9veThYdV8zVWE1R1NvNkdrdkNWNW5OUWVIN0ZTRTFyUWlBNEpDZXRuLXJQSEx2dVRmV3BicmF6N0w0X19zYWw3ZjM4MkJKX1dxc1M4b3NIRFlkbkZkakI0Rk1QcU8wTThjN3pYQzBLSzJldHV3YlpUeml6NHhEcm11ZWlqQTQ1QVNuS2hzbmF2SU9oT0V0NGctN2JhZUQ3T05uZHczTl9HR2F3RlVvNl9ySThOeUl5ZHBzNGdIYkhaWXdLVFh4eUE1WUpfeFNvMjBJbzQ0TGVYM2NhWUtBaFFsRFQwaFRYRENrWg?oc=5,The Wall Street Journal,Artificial Intelligence,Volkswagen to Invest 1.2 Billion in Artificial Intelligence by 2030 - The Wall Street Journal a href targetblankVolkswagen to Invest 1.2 Billion in Artificial Intelligence by 2030anbsp;nbsp;font colorThe Wall Street Journalfont,Positive,0.8
Dolby Atmos FlexConnect Lets You Place Speakers Anywhere,"This new technology now allows you to achieve excellent Dolby Atmos immersion regardless where you put a speaker in a room, but it's currently exclusive to TCL.","While Dolby imposes no hard limit on the number or type of speakers (or subwoofers) you can use in a single FlexConnect system, each manufacturers choice of processor determines whats feasible.
What… [+2067 chars]",2025-09-03T12:03:00Z,https://www.wired.com/story/dolby-atmost-flex-connect-tcl/,Wired,Technology,"Dolby Atmos FlexConnect Lets You Place Speakers Anywhere This new technology now allows you to achieve excellent Dolby Atmos immersion regardless where you put a speaker in a room, but it's currently exclusive to TCL.",Positive,0.5
Musk Stakes Tesla Future on One Major Gamble,Will it become the next commonly adopted technology after EVs and smartphones?,"In a striking shift of narrative, Elon Musk has declared that Teslas future valuation will derive 80% from its Optimus humanoid robots, not its electric vehicle business.
This declaration, made in t… [+4149 chars]",2025-09-04T14:40:08Z,https://gizmodo.com/musk-optimus-robots-2000653481,Gizmodo.com,Technology,Musk Stakes Tesla Future on One Major Gamble Will it become the next commonly adopted technology after EVs and smartphones?,Neutral,0.0
Hyundai’s Latest Concept Car Comes With Subtle ‘Star Wars’ References,"Hyundai's Concept THREE serves as both a technology showcase and a nod to galaxy far, far away.","Hyundai just previewed a new concept car at the IAA Mobility trade show in Munich, Germany, and its packed with subtle Star Wars nods.
The EV, dubbed the Concept THREE, sports a futuristic graphite-… [+2486 chars]",2025-09-09T19:50:10Z,https://gizmodo.com/hyundais-latest-concept-car-comes-with-subtle-star-wars-references-2000656225,Gizmodo.com,Technology,"Hyundais Latest Concept Car Comes With Subtle Star Wars References Hyundai's Concept THREE serves as both a technology showcase and a nod to galaxy far, far away.",Neutral,0.0
AI stethoscope could detect major heart conditions in seconds,"The new technology could be a ""game-changer"" resulting in patients being treated sooner, experts say.","Stethoscopes powered by artificial intelligence (AI) could help detect three different heart conditions in seconds, researchers say.
The original stethoscope, invented in 1816, allows doctors to lis… [+1992 chars]",2025-08-30T16:50:15Z,https://www.bbc.com/news/articles/c2l748k0y77o,BBC News,Technology,"AI stethoscope could detect major heart conditions in seconds The new technology could be a game-changer resulting in patients being treated sooner, experts say.",Positive,0.8
Why Is Tech Worried When Stocks Like Chevron Drop On Global Oil Worries?,Casual observers sometimes wonder why technology stocks—often seen as disconnected from the oil industry—sometimes react sharply to oil price movements.,"Chevrons stock declined sharply this week before paring back losses, as mounting concerns about volatility in the global oil markets spooked traders.
Another group of worried market watchers? Tech c… [+3775 chars]",2025-08-31T21:13:42Z,https://gizmodo.com/why-does-tech-follow-oil-markets-2000650975,Gizmodo.com,Technology,Why Is Tech Worried When Stocks Like Chevron Drop On Global Oil Worries? Casual observers sometimes wonder why technology stocksoften seen as disconnected from the oil industrysometimes react sharply to oil price movements.,Neutral,0.0
Sony raises PlayStation 5 prices in US as tariff fears persist,The Japanese technology giant cited economic challenges as it raised prices for the consoles by around $50.,"Sony is PlayStation 5 gaming consoles in the US will jump by around $50 (£37.16) from Thursday as the Japanese technology giant grapples with rising costs and a slowing video game market.
Like many … [+2346 chars]",2025-08-21T01:45:10Z,https://www.bbc.com/news/articles/cy081prg9jjo,BBC News,Technology,Sony raises PlayStation 5 prices in US as tariff fears persist The Japanese technology giant cited economic challenges as it raised prices for the consoles by around 50.,Negative,-0.5
Apple’s plan for AI could make Siri the animated center of your smart home,"Apple is developing a bunch of products and features to deliver its vision of AI, including multiple robots, a smart home display, and a revamped version of Siri with new technology powering it, according to an extensive report from Bloomberg. The company’s g…","<ul><li></li><li></li><li></li></ul>
The latest Apple AI rumor covers a Clippy-like AI assistant, robots, and security cameras for your smart home.
The latest Apple AI rumor covers a Clippy-like AI… [+3417 chars]",2025-08-13T19:41:23Z,https://www.theverge.com/news/758931/apple-ai-siri-smart-home-robot-security-camera,The Verge,Technology,"Apples plan for AI could make Siri the animated center of your smart home Apple is developing a bunch of products and features to deliver its vision of AI, including multiple robots, a smart home display, and a revamped version of Siri with new technology powering it, according to an extensive report from Bloomberg. The companys g",Positive,0.7
Honda’s Prelude returns as a 200-horsepower fake-shifting hybrid,Honda is bringing back the sporty Prelude as a technology-packed 200-horsepower hybrid to tug at nostalgia strings. It’s the first new Prelude in 25 years and the front-wheel-drive-coup antidote to crossover SUVs. Pricing hasn’t been announced but in Japan it…,"<ul><li></li><li></li><li></li></ul>
Simulated vroom vroom to impress your date.
Simulated vroom vroom to impress your date.
by
Thomas RickerClose
Thomas Ricker
Posts from this author will be a… [+3426 chars]",2025-09-05T09:03:58Z,https://www.theverge.com/news/772274/honda-prelude-fake-shifting-sound-hyrbid,The Verge,Technology,Hondas Prelude returns as a 200-horsepower fake-shifting hybrid Honda is bringing back the sporty Prelude as a technology-packed 200-horsepower hybrid to tug at nostalgia strings. Its the first new Prelude in 25 years and the front-wheel-drive-coup antidote to crossover SUVs. Pricing hasnt been announced but in Japan it,Positive,0.6
Samsung has launched its first Micro RGB TV with improved color accuracy,"First teased at CES 2025, Samsung has finally launched a TV featuring the company’s new Micro RGB backlight technology. The 115-inch TV is first launching in South Korea for over $32,000, according to SamMobile, but Samsung says it’s coming to the US next, fo…","<ul><li></li><li></li><li></li></ul>
The 115-inch TV is debuting in South Korea for over $32,000, but Samsung plans to bring it to the US.
The 115-inch TV is debuting in South Korea for over $32,00… [+3698 chars]",2025-08-12T14:46:45Z,https://www.theverge.com/news/758063/samsung-micro-rgb-tv,The Verge,Technology,"Samsung has launched its first Micro RGB TV with improved color accuracy First teased at CES 2025, Samsung has finally launched a TV featuring the companys new Micro RGB backlight technology. The 115-inch TV is first launching in South Korea for over 32,000, according to SamMobile, but Samsung says its coming to the US next, fo",Positive,0.8
Meta is going to stuff Midjourney AI images into your feed,"Meta is partnering with Midjourney to “license their aesthetic technology” for use in its own models and products, Meta’s new chief AI officer, Alexandr Wang, announced on Friday. The partnership involves a “technical collaboration between our research teams,…","<ul><li></li><li></li><li></li></ul>
Meta is partnering with Midjourney to license its aesthetic technology for models and products.
Meta is partnering with Midjourney to license its aesthetic tech… [+2987 chars]",2025-08-22T21:07:04Z,https://www.theverge.com/news/764715/meta-ai-midjourney-license-partnership,The Verge,Technology,"Meta is going to stuff Midjourney AI images into your feed Meta is partnering with Midjourney to license their aesthetic technology for use in its own models and products, Metas new chief AI officer, Alexandr Wang, announced on Friday. The partnership involves a technical collaboration between our research teams,",Neutral,0.0
United Arab Emirates Joins U.S. and China in Giving Away A.I. Technology - The New York Times,"<a href=""https://news.google.com/rss/articles/CBMihAFBVV95cUxPazBOM3ZCX2xwbGR6WnNQQzEwdDBBZ2FOUkoyZUpPMk5EcVZ6ZVlnU1VuUmVUNnNqcWg0ZGNDNnN5d1VRcFdfV2UwWlJpMWFaZlJmNlBUS1o3czlWVmVlSnVPbmhYd0hydnVWOUgyMVVUVzlVeWFuRTEtcXZRQ3hId1hqcXg?oc=5"" target=""_blank"">United Arab Emirates Joins U.S. and China in Giving Away A.I. Technology</a>&nbsp;&nbsp;<font color=""#6f6f6f"">The New York Times</font>",,"Tue, 09 Sep 2025 12:00:11 GMT",https://news.google.com/rss/articles/CBMihAFBVV95cUxPazBOM3ZCX2xwbGR6WnNQQzEwdDBBZ2FOUkoyZUpPMk5EcVZ6ZVlnU1VuUmVUNnNqcWg0ZGNDNnN5d1VRcFdfV2UwWlJpMWFaZlJmNlBUS1o3czlWVmVlSnVPbmhYd0hydnVWOUgyMVVUVzlVeWFuRTEtcXZRQ3hId1hqcXg?oc=5,The New York Times,Technology,United Arab Emirates Joins U.S. and China in Giving Away A.I. Technology - The New York Times a href targetblankUnited Arab Emirates Joins U.S. and China in Giving Away A.I. Technologyanbsp;nbsp;font colorThe New York Timesfont,Neutral,0.0
2025- MIT Technology Review’s Innovators Under 35 - MIT Technology Review,"<a href=""https://news.google.com/rss/articles/CBMieEFVX3lxTE1yY2hLX3Z5bHdMdWYxOWFKVmxwT2g4bkRoQXRMWkE2TmtOcmRialpWRHF0cWdoZWN5d2UzSExsN2FPX3RVREF3LXFBT3VFekN4R1hSODBjeGZhZDZkdDFHSEREX2tma0Y5dXpqN1lRNldnc3JvMEZkZg?oc=5"" target=""_blank"">2025- MIT Technology Review’s Innovators Under 35</a>&nbsp;&nbsp;<font color=""#6f6f6f"">MIT Technology Review</font>",,"Mon, 08 Sep 2025 10:47:35 GMT",https://news.google.com/rss/articles/CBMieEFVX3lxTE1yY2hLX3Z5bHdMdWYxOWFKVmxwT2g4bkRoQXRMWkE2TmtOcmRialpWRHF0cWdoZWN5d2UzSExsN2FPX3RVREF3LXFBT3VFekN4R1hSODBjeGZhZDZkdDFHSEREX2tma0Y5dXpqN1lRNldnc3JvMEZkZg?oc=5,MIT Technology Review,Technology,2025- MIT Technology Reviews Innovators Under 35 - MIT Technology Review a href targetblank2025- MIT Technology Reviews Innovators Under 35anbsp;nbsp;font colorMIT Technology Reviewfont,Neutral,0.0
The top 5 energy technology trends of 2025 - The World Economic Forum,"<a href=""https://news.google.com/rss/articles/CBMiiwFBVV95cUxQdnM5V19oM2NQSFZsVXRHRHh0MzdxZ1djY1UxMVlwZkFxTXU5dURDZWpNdmJtcWFWTjBXdHcxc3JhemNMcDZ4aVRScUJ1Y2tial9uQVlaYzBHMG9yVl9EX1pxWnhSUjZlZ2M4R2RIdjZyb3lXenNXMlQxa2RNVWxXTTVjbk55T0JuZ1FB?oc=5"" target=""_blank"">The top 5 energy technology trends of 2025</a>&nbsp;&nbsp;<font color=""#6f6f6f"">The World Economic Forum</font>",,"Mon, 08 Sep 2025 10:46:53 GMT",https://news.google.com/rss/articles/CBMiiwFBVV95cUxQdnM5V19oM2NQSFZsVXRHRHh0MzdxZ1djY1UxMVlwZkFxTXU5dURDZWpNdmJtcWFWTjBXdHcxc3JhemNMcDZ4aVRScUJ1Y2tial9uQVlaYzBHMG9yVl9EX1pxWnhSUjZlZ2M4R2RIdjZyb3lXenNXMlQxa2RNVWxXTTVjbk55T0JuZ1FB?oc=5,The World Economic Forum,Technology,The top 5 energy technology trends of 2025 - The World Economic Forum a href targetblankThe top 5 energy technology trends of 2025anbsp;nbsp;font colorThe World Economic Forumfont,Neutral,0.0
Upgrades at agencies drive up state’s technology spending - Baton Rouge Business Report,"<a href=""https://news.google.com/rss/articles/CBMimwFBVV95cUxOVk1oS2tZWlo0aXM1d1EySjlES3RpWHg0eC0ySnY1cDBvdk05emtKdkUxZVVzcWNRVl9hWFhVYnNPV29kUlNSU1lmQ0JlbHgxM2FYa29OVGZTUjR6U3JIdEh4bjl3eWVsRkp3WjRla0stdEVLLUpaNzY3VGlFdGJtMkVmM2pUTldBbDE4cTRfaDRIMUtfTUVaYUN6WdIBowFBVV95cUxNdExkdkNhNlVsOTAxcXp6dU1HaDFhMVdxZ01vQ05FSUd6RTN2QzJaQ0g4RHI5UHQ1MkpqTVl2VGctbUYtTVpKa2xiRXg5djg3Q0lCYlQzSVhfZlNOMlhfREo1bGN5VnUzR1g4dWV1SC14NTM1QUs3U2ZMRWk5NGVDMFNvT3l3Yk5tSXdaX1FGd1Npb1lRUHNiZFhRZ2IwNlFYRWlJ?oc=5"" target=""_blank"">Upgrades at agencies drive up state’s technology spending</a>&nbsp;&nbsp;<font color=""#6f6f6f"">Baton Rouge Business Report</font>",,"Wed, 10 Sep 2025 14:55:15 GMT",https://news.google.com/rss/articles/CBMimwFBVV95cUxOVk1oS2tZWlo0aXM1d1EySjlES3RpWHg0eC0ySnY1cDBvdk05emtKdkUxZVVzcWNRVl9hWFhVYnNPV29kUlNSU1lmQ0JlbHgxM2FYa29OVGZTUjR6U3JIdEh4bjl3eWVsRkp3WjRla0stdEVLLUpaNzY3VGlFdGJtMkVmM2pUTldBbDE4cTRfaDRIMUtfTUVaYUN6WdIBowFBVV95cUxNdExkdkNhNlVsOTAxcXp6dU1HaDFhMVdxZ01vQ05FSUd6RTN2QzJaQ0g4RHI5UHQ1MkpqTVl2VGctbUYtTVpKa2xiRXg5djg3Q0lCYlQzSVhfZlNOMlhfREo1bGN5VnUzR1g4dWV1SC14NTM1QUs3U2ZMRWk5NGVDMFNvT3l3Yk5tSXdaX1FGd1Npb1lRUHNiZFhRZ2IwNlFYRWlJ?oc=5,Baton Rouge Business Report,Technology,Upgrades at agencies drive up states technology spending - Baton Rouge Business Report a href targetblankUpgrades at agencies drive up states technology spendinganbsp;nbsp;font colorBaton Rouge Business Reportfont,Neutral,0.0
Rendezvous Robotics raises funding to develop technology for self-assembling space structures - SpaceNews,"<a href=""https://news.google.com/rss/articles/CBMitwFBVV95cUxNV1FVbkVwbG9oaWZ0aDFoRTdZZnMzck5BUnRIeVA4X0licWhuNVFSRVRVNkI1SFdyV2dEQW5Kc0tubjRXTzFxUGFwb3VHSy1iOGxqRXVCcDVxajIwcWdqYVJoQTJuSzNlOTg0dzl4dGRuSDdTQzhaWWpBbmNYRUI3MFBoY3NqakkyY0ZnUTctQzV2dy1VOTN3ajBqZFMxd0FUUTZsdUNFczJBaDA0amdaSFRiakNFdVU?oc=5"" target=""_blank"">Rendezvous Robotics raises funding to develop technology for self-assembling space structures</a>&nbsp;&nbsp;<font color=""#6f6f6f"">SpaceNews</font>",,"Wed, 10 Sep 2025 15:00:00 GMT",https://news.google.com/rss/articles/CBMitwFBVV95cUxNV1FVbkVwbG9oaWZ0aDFoRTdZZnMzck5BUnRIeVA4X0licWhuNVFSRVRVNkI1SFdyV2dEQW5Kc0tubjRXTzFxUGFwb3VHSy1iOGxqRXVCcDVxajIwcWdqYVJoQTJuSzNlOTg0dzl4dGRuSDdTQzhaWWpBbmNYRUI3MFBoY3NqakkyY0ZnUTctQzV2dy1VOTN3ajBqZFMxd0FUUTZsdUNFczJBaDA0amdaSFRiakNFdVU?oc=5,SpaceNews,Technology,Rendezvous Robotics raises funding to develop technology for self-assembling space structures - SpaceNews a href targetblankRendezvous Robotics raises funding to develop technology for self-assembling space structuresanbsp;nbsp;font colorSpaceNewsfont,Positive,0.6
"Tesla, gold mining stocks, McDonald's: Trending Tickers","Tesla (TSLA), McDonald's (MCD), and gold mining stock such as Newmont (NEM), Barrick Mining (B), and Agnico Eagle Mines (AEM) are just some of the names on...","Now time for some of today's trending tickers. We are watching shares of Tesla, Gold Miners and McDonald's. First up, a look at Tesla. Those shares have been under pressure in recent days, following … [+5957 chars]",2025-09-02T15:48:20Z,https://finance.yahoo.com/video/tesla-gold-mining-stocks-mcdonalds-154820938.html,Yahoo Entertainment,Trending,"Tesla, gold mining stocks, McDonald's: Trending Tickers Tesla TSLA, McDonald's MCD, and gold mining stock such as Newmont NEM, Barrick Mining B, and Agnico Eagle Mines AEM are just some of the names on...",Neutral,0.0
Young people are splurging on sneaker loafers. See 3 styles of business casual 'snoafers' that resell at a premium.,"Sneaker loafers, or ""snoafers,"" are trending among young people seeking a blend of style and comfort, with prices soaring above retail on StockX.","New Balance leads the trend in the number of sales since its snoafer was released, StockX said.New Balance
<ul><li>Sneaker loafers, or ""snoafers,"" have been trending and selling above retail on Stoc… [+3073 chars]",2025-08-17T10:00:01Z,https://www.businessinsider.com/hoka-one-speed-loafer-new-balance-1906-stockx-snoafers-2025-8,Business Insider,Trending,"Young people are splurging on sneaker loafers. See 3 styles of business casual 'snoafers' that resell at a premium. Sneaker loafers, or snoafers, are trending among young people seeking a blend of style and comfort, with prices soaring above retail on StockX.",Positive,0.6
"Digg’s new app is basic, but a great start","Digg is making a comeback. With the backing of people like Digg cofounder Kevin Rose and Reddit cofounder Alexis Ohanian, Digg has ambitions to once again be the homepage of the internet. The revival is still in its very early days - the platform is still inv…","<ul><li></li><li></li><li></li></ul>
Digg has launched its new mobile apps for iOS and Android. I tried the new iOS app out, and its bare-bones but promising.
Digg has launched its new mobile apps … [+4410 chars]",2025-08-21T23:09:55Z,https://www.theverge.com/apps/763689/digg-mobile-ios-android-app-relaunch,The Verge,Trending,"Diggs new app is basic, but a great start Digg is making a comeback. With the backing of people like Digg cofounder Kevin Rose and Reddit cofounder Alexis Ohanian, Digg has ambitions to once again be the homepage of the internet. The revival is still in its very early days - the platform is still inv",Positive,0.7
"Alphabet’s Google (GOOGL) Likely to Avoid Breakup, But Antitrust Remedies Could Hit Core Revenue","Alphabet Inc. (NASDAQ:GOOGL) is one of the Trending AI Stocks in Focus This Week. According to BMO Capital, the U.S. District Court has already found Google ...","Alphabet Inc. (NASDAQ:GOOGL) is one of the Trending AI Stocks in Focus This Week. According to BMO Capital, the U.S. District Court has already found Google guilty of illegally maintaining its search… [+1917 chars]",2025-08-20T22:58:09Z,https://finance.yahoo.com/news/alphabet-google-googl-likely-avoid-225809362.html,Yahoo Entertainment,Trending,"Alphabets Google GOOGL Likely to Avoid Breakup, But Antitrust Remedies Could Hit Core Revenue Alphabet Inc. NASDAQ:GOOGL is one of the Trending AI Stocks in Focus This Week. According to BMO Capital, the U.S. District Court has already found Google ...",Neutral,0.0
Al Jazeera Journalist CONFIRMED As Hamas Operative; 5 Journalists KILLED In Gaza By IDF | TRENDING,,"If you click 'Accept all', we and our partners, including 236 who are part of the IAB Transparency &amp; Consent Framework, will also store and/or access information on a device (in other words, use … [+714 chars]",2025-08-11T23:35:00Z,https://consent.yahoo.com/v2/collectConsent?sessionId=1_cc-session_eb7569b9-e3a3-4195-a724-271e545113bf,Yahoo Entertainment,Trending,Al Jazeera Journalist CONFIRMED As Hamas Operative; 5 Journalists KILLED In Gaza By IDF TRENDING,Negative,-0.8
Cable detaches on Ohio amusement park ride,A cable on a ride at a popular Ohio amusement park detached while people were riding it on Sunday.,"A cable on a ride at a popular Ohio amusement park detached while people were riding it on Sunday.
[DOWNLOAD: Free WHIO-TV News app for alerts as news breaks]
Cedar Points Power Tower ride was clos… [+534 chars]",2025-08-12T08:05:27Z,https://www.yahoo.com/news/articles/cable-detaches-ohio-amusement-park-080527655.html,Yahoo Entertainment,Trending,Cable detaches on Ohio amusement park ride A cable on a ride at a popular Ohio amusement park detached while people were riding it on Sunday.,Negative,-0.5
Georgia Power demolishes stacks at Carroll County plant,Two stack structures were demolished at Plant Wansley in Carroll County on Saturday morning.,"Georgia Power demolishes stacks at Carroll County plant
Part of a power plant in Carroll County was demolished on Saturday morning.
Georgia Power took down two stack structures at Plant Wansley in … [+601 chars]",2025-08-16T16:28:37Z,https://www.yahoo.com/news/articles/georgia-power-demolishes-stacks-carroll-162837302.html,Yahoo Entertainment,Trending,Georgia Power demolishes stacks at Carroll County plant Two stack structures were demolished at Plant Wansley in Carroll County on Saturday morning.,Neutral,0.0
Winning Powerball tickets sold in 3 Ohio cities; Jackpot continues to grow,Winning Powerball tickets were sold in three different Ohio cities.,"Winning Powerball tickets were sold in three different Ohio cities.
[DOWNLOAD: Free WHIO-TV News app for alerts as news breaks]
Three people won $150,000 each with four of five winning numbers, the… [+478 chars]",2025-09-02T05:18:38Z,https://www.yahoo.com/news/articles/winning-powerball-tickets-sold-3-051838954.html,Yahoo Entertainment,Trending,Winning Powerball tickets sold in 3 Ohio cities; Jackpot continues to grow Winning Powerball tickets were sold in three different Ohio cities.,Positive,0.5
US 35 expected to be closed for ‘several hours’ after rollover crash in Beavercreek,Drivers can expect US 35 westbound near Interstate 675 to be closed for an extended period of time.,"Drivers can expect US 35 westbound near Interstate 675 to be closed for an extended period of time.
[DOWNLOAD: Free WHIO-TV News app for alerts as news breaks]
The crash was reported around 8:30 a.… [+469 chars]",2025-09-02T13:29:14Z,https://www.yahoo.com/news/articles/us-35-expected-closed-several-132914036.html,Yahoo Entertainment,Trending,US 35 expected to be closed for several hours after rollover crash in Beavercreek Drivers can expect US 35 westbound near Interstate 675 to be closed for an extended period of time.,Negative,-0.6
Apple just got partial App Store vindication from a very unlikely source,"Apple has been under fire from legislators for its App Store practices for years. But while it’s been forced to make iPhone changes in the EU and the US might soon follow, Google is now trending the opposite direction with its Android policies.



 more…","Apple has been under fire from legislators for its App Store practices for years. But while its been forced to make iPhone changes in the EU and the US might soon follow, Google is now trending the o… [+2023 chars]",2025-08-27T19:56:58Z,https://9to5mac.com/2025/08/27/apple-just-got-partial-app-store-vindication-from-google/,9to5Mac,Trending,"Apple just got partial App Store vindication from a very unlikely source Apple has been under fire from legislators for its App Store practices for years. But while its been forced to make iPhone changes in the EU and the US might soon follow, Google is now trending the opposite direction with its Android policies. more",Neutral,0.0
"Call It Blushed or Flushed, the K-Beauty Look Is Trending - The New York Times","<a href=""https://news.google.com/rss/articles/CBMihAFBVV95cUxNRnpVa0VkY2N0Ykh4U19wdUlGOWFBMFhVRWtxYUZ2eEpVWVZHeVpoLUl2cHhwYnRSTk84azBxN3RCOURVN0NzUUh3Wk11SURJUDlEdzhDVk9Bc2U5SUtvNi11NmcycnVUM21lTmdXY3IzRTVubm92bG9zcWV5QW9vVjNlaVM?oc=5"" target=""_blank"">Call It Blushed or Flushed, the K-Beauty Look Is Trending</a>&nbsp;&nbsp;<font color=""#6f6f6f"">The New York Times</font>",,"Mon, 08 Sep 2025 09:01:04 GMT",https://news.google.com/rss/articles/CBMihAFBVV95cUxNRnpVa0VkY2N0Ykh4U19wdUlGOWFBMFhVRWtxYUZ2eEpVWVZHeVpoLUl2cHhwYnRSTk84azBxN3RCOURVN0NzUUh3Wk11SURJUDlEdzhDVk9Bc2U5SUtvNi11NmcycnVUM21lTmdXY3IzRTVubm92bG9zcWV5QW9vVjNlaVM?oc=5,The New York Times,Trending,"Call It Blushed or Flushed, the K-Beauty Look Is Trending - The New York Times a href targetblankCall It Blushed or Flushed, the K-Beauty Look Is Trendinganbsp;nbsp;font colorThe New York Timesfont",Neutral,0.0
"GameStop, Synopsys, Chewy: Trending tickers - Yahoo Finance","<a href=""https://news.google.com/rss/articles/CBMikAFBVV95cUxPb1dYdHdRVndRSWhrR0pVdUYxX2xObWUzSk5meUwtdkpyd2Y2dG0ybm5oUUxhS3h6ek9jVnJ1ODR4T08xQUR3a19waDlUNjJ3bzc2aXVkM0Vva2dOR2VNOF93Y0dWckpSYmZzMUhHVHktb2NjQ3dmNV9GYnRBWXd6cTVBb1ljSXJqSFFIX3psb24?oc=5"" target=""_blank"">GameStop, Synopsys, Chewy: Trending tickers</a>&nbsp;&nbsp;<font color=""#6f6f6f"">Yahoo Finance</font>",,"Wed, 10 Sep 2025 12:23:26 GMT",https://news.google.com/rss/articles/CBMikAFBVV95cUxPb1dYdHdRVndRSWhrR0pVdUYxX2xObWUzSk5meUwtdkpyd2Y2dG0ybm5oUUxhS3h6ek9jVnJ1ODR4T08xQUR3a19waDlUNjJ3bzc2aXVkM0Vva2dOR2VNOF93Y0dWckpSYmZzMUhHVHktb2NjQ3dmNV9GYnRBWXd6cTVBb1ljSXJqSFFIX3psb24?oc=5,Yahoo Finance,Trending,"GameStop, Synopsys, Chewy: Trending tickers - Yahoo Finance a href targetblankGameStop, Synopsys, Chewy: Trending tickersanbsp;nbsp;font colorYahoo Financefont",Neutral,0.0
Breakout Candidates: Five UNC players trending toward more playing time in Week 3 - 247Sports,"<a href=""https://news.google.com/rss/articles/CBMivgFBVV95cUxNcGtqa0RXOUlPZHY5cTBUVl9sbkRkQkdwZDYydFlnNmNBVHN6cGpLRGtoNWtqeHB1YnpxUnZYTm00NUpsVjR3R096dVhhRFFVZ0VRc0J3VnV1MFNIZ01PVmpZNnpsSmVLdG5NZm42cmZxejd3ZTRMLTJ4ZzkwSjVLVzFpS0UweVhYZC1JRzg5LTRLeEVKY0dhWUFia2c1azkyMWl4Z0x4TkFiaXBpNmdOdWZhLS1TVDZFSHdoa2J3?oc=5"" target=""_blank"">Breakout Candidates: Five UNC players trending toward more playing time in Week 3</a>&nbsp;&nbsp;<font color=""#6f6f6f"">247Sports</font>",,"Wed, 10 Sep 2025 23:03:45 GMT",https://news.google.com/rss/articles/CBMivgFBVV95cUxNcGtqa0RXOUlPZHY5cTBUVl9sbkRkQkdwZDYydFlnNmNBVHN6cGpLRGtoNWtqeHB1YnpxUnZYTm00NUpsVjR3R096dVhhRFFVZ0VRc0J3VnV1MFNIZ01PVmpZNnpsSmVLdG5NZm42cmZxejd3ZTRMLTJ4ZzkwSjVLVzFpS0UweVhYZC1JRzg5LTRLeEVKY0dhWUFia2c1azkyMWl4Z0x4TkFiaXBpNmdOdWZhLS1TVDZFSHdoa2J3?oc=5,247Sports,Trending,Breakout Candidates: Five UNC players trending toward more playing time in Week 3 - 247Sports a href targetblankBreakout Candidates: Five UNC players trending toward more playing time in Week 3anbsp;nbsp;font color247Sportsfont,Positive,0.6
The Princess Of Wales Chooses Autumn's Trending Dress Style - Here's How To Wear It Now - ELLE,"<a href=""https://news.google.com/rss/articles/CBMikwFBVV95cUxNdEVIbXROY2ZfNzVYekpLbndEUnlOUWhrZ3dKT29kdTN4OHBPUl8ycXl1UEJDdkotWTZkZVBRM2xicDVJTEVFN2k1ZVVtMnVseG82cjd4Mkw0UmtaaXh0Nl95Y0NFYjZ6eGFReWxnQzFrZlJYcGp4bmt5SEdZdXh4aG1KREY3a2c4dlBodFFRSEJHdE0?oc=5"" target=""_blank"">The Princess Of Wales Chooses Autumn's Trending Dress Style - Here's How To Wear It Now</a>&nbsp;&nbsp;<font color=""#6f6f6f"">ELLE</font>",,"Mon, 08 Sep 2025 12:18:43 GMT",https://news.google.com/rss/articles/CBMikwFBVV95cUxNdEVIbXROY2ZfNzVYekpLbndEUnlOUWhrZ3dKT29kdTN4OHBPUl8ycXl1UEJDdkotWTZkZVBRM2xicDVJTEVFN2k1ZVVtMnVseG82cjd4Mkw0UmtaaXh0Nl95Y0NFYjZ6eGFReWxnQzFrZlJYcGp4bmt5SEdZdXh4aG1KREY3a2c4dlBodFFRSEJHdE0?oc=5,ELLE,Trending,The Princess Of Wales Chooses Autumn's Trending Dress Style - Here's How To Wear It Now - ELLE a href targetblankThe Princess Of Wales Chooses Autumn's Trending Dress Style - Here's How To Wear It Nowanbsp;nbsp;font colorELLEfont,Neutral,0.0
"Simmons Scoop: Auburn, Mississippi State, South Carolina and Tennessee trending up - On3","<a href=""https://news.google.com/rss/articles/CBMisgFBVV95cUxNdjZtQ3d0U3pVTUpEMWRaVklUSWZGOGtQNFJkU00wcGR2c1Jmc2ZNV1ltWDhEVnptWkp2S2M5OUpsbFNRc1hqLW5xTmF5RjRadUlEMW51dnVhc21xU29pOU1TQ1FEU3pudURaRHFmcEltcF9STlBOOXd3STkzYTVoMVB4dzNQQkZER2tjVVpFYUo1Nk5yZkZLS1Qtay1kaG1kdzlnSzZIR2dzU2xUZGhYT1ZR?oc=5"" target=""_blank"">Simmons Scoop: Auburn, Mississippi State, South Carolina and Tennessee trending up</a>&nbsp;&nbsp;<font color=""#6f6f6f"">On3</font>",,"Wed, 10 Sep 2025 11:38:41 GMT",https://news.google.com/rss/articles/CBMisgFBVV95cUxNdjZtQ3d0U3pVTUpEMWRaVklUSWZGOGtQNFJkU00wcGR2c1Jmc2ZNV1ltWDhEVnptWkp2S2M5OUpsbFNRc1hqLW5xTmF5RjRadUlEMW51dnVhc21xU29pOU1TQ1FEU3pudURaRHFmcEltcF9STlBOOXd3STkzYTVoMVB4dzNQQkZER2tjVVpFYUo1Nk5yZkZLS1Qtay1kaG1kdzlnSzZIR2dzU2xUZGhYT1ZR?oc=5,On3,Trending,"Simmons Scoop: Auburn, Mississippi State, South Carolina and Tennessee trending up - On3 a href targetblankSimmons Scoop: Auburn, Mississippi State, South Carolina and Tennessee trending upanbsp;nbsp;font colorOn3font",Positive,0.5
Bitcoin Flash Crash Roils Crypto Market,Did a single whale disrupt the crypto ocean?,"Crypto prices dipped Monday following a so-called flash crash of Bitcoin on Sunday. And while Ethereum dipped as well, the second most popular cryptocurrency is still up significantly on the month.
… [+3991 chars]",2025-08-25T17:50:49Z,https://gizmodo.com/bitcoin-price-flash-crash-ether-thiel-2000647613,Gizmodo.com,Market,Bitcoin Flash Crash Roils Crypto Market Did a single whale disrupt the crypto ocean?,Negative,-0.7
Elehear Beyond Pro Review: Big Hearing Aids,"With this update, Elehear doubles down on one of the largest hearing aid designs on the market.","I dont have the original Elehear Beyond hearing aids on hand anymore, but I would agree that there have been some improvements to audio qualitythough at high levels of amplification, the static and h… [+2173 chars]",2025-08-27T13:00:00Z,https://www.wired.com/review/elehear-beyond-pro/,Wired,Market,"Elehear Beyond Pro Review: Big Hearing Aids With this update, Elehear doubles down on one of the largest hearing aid designs on the market.",Neutral,0.0
Here’s Why Crypto Set the Market on Fire Yesterday,"In this rally's case, a rising tide did indeed lift all boats.","Cryptocurrency markets skyrocketed into new territory Friday after Federal Reserve Chair Jerome Powell signaled that interest rate reductions could be imminent, pushing the Dow to its first 800-point… [+5589 chars]",2025-08-23T12:56:24Z,https://gizmodo.com/crypto-rally-powell-speech-2000647235,Gizmodo.com,Market,"Heres Why Crypto Set the Market on Fire Yesterday In this rally's case, a rising tide did indeed lift all boats.",Positive,0.8
Market ructions and cabinet reshuffles will help shape Reeves' Budget,"OBR spreadsheets, bond markets, and backbench unhappiness on cuts will all influence the chancellor's thinking.","Faisal IslamEconomics editor
It's been a bruising first week back for the government, full of resignations, reshuffles, and ructions in markets. 
All of this will have an impact on what ends up in … [+6139 chars]",2025-09-07T00:12:49Z,https://www.bbc.com/news/articles/cqxzr0jdpngo,BBC News,Market,"Market ructions and cabinet reshuffles will help shape Reeves' Budget OBR spreadsheets, bond markets, and backbench unhappiness on cuts will all influence the chancellor's thinking.",Negative,-0.4
Another Crypto IPO Hits the Market and Most People Still Have No Idea What Crypto Is,Recent polls have shown at least 60% of people asked—sometimes as many as 90%—have absolutely no idea what crypto is or how it works but would definitely not put their own money in it.,"Blockchain-based lender Figure Technology Solutions has officially filed for an initial public offering, marking another move by crypto-related firms seeking a slice of the trillion-dollar machine of… [+4110 chars]",2025-08-18T23:50:36Z,https://gizmodo.com/figure-ipo-crypto-2000644738,Gizmodo.com,Market,Another Crypto IPO Hits the Market and Most People Still Have No Idea What Crypto Is Recent polls have shown at least 60 of people askedsometimes as many as 90have absolutely no idea what crypto is or how it works but would definitely not put their own money in it.,Neutral,0.0
"AI Is Crushing the Early Career Job Market, Stanford Study Finds","Warning bells have been ringing for months, and now experts are providing the data to back that up.","If you suspected that AI is taking jobs away from young workers, there is now data to back this up.
Three economists at Stanford Universitys Digital Economy Lab professor Erik Brynjolfsson, research… [+5031 chars]",2025-08-27T11:47:25Z,https://gizmodo.com/ai-is-crushing-the-early-career-job-market-stanford-study-finds-2000648359,Gizmodo.com,Market,"AI Is Crushing the Early Career Job Market, Stanford Study Finds Warning bells have been ringing for months, and now experts are providing the data to back that up.",Negative,-0.7
Illegal Price-Gouging Runs Rampant After Disasters. The LA Fires Proved It,"Rents jumped 20 percent after this year’s Los Angeles wildfires, forcing displaced residents to scramble for housing in an already-tough market.","Last January, a series of massive wildfires broke out across the Los Angeles area, fueled by high winds and dry temperatures. The fires raged for weeks, incinerating entire neighborhoods in the wealt… [+12092 chars]",2025-08-13T11:00:23Z,https://gizmodo.com/illegal-price-gouging-runs-rampant-after-disasters-the-la-fires-proved-it-2000642193,Gizmodo.com,Market,"Illegal Price-Gouging Runs Rampant After Disasters. The LA Fires Proved It Rents jumped 20 percent after this years Los Angeles wildfires, forcing displaced residents to scramble for housing in an already-tough market.",Negative,-0.8
Is the Flipper Zero the next big car theft gadget?,"404 Media has a report out about an underground software market that enables the Flipper Zero to be used to unlock a wide variety of vehicles, including Ford, Audi, Volkswagen, Subaru, Hyundai, Kia, and several other models. The hack works by intercepting and…","<ul><li></li><li></li><li></li></ul>
Kia Boys will be Flipper Boys by 2026.
Kia Boys will be Flipper Boys by 2026.
by
Andrew J. HawkinsClose
Andrew J. Hawkins
Posts from this author will be add… [+2613 chars]",2025-08-21T15:17:29Z,https://www.theverge.com/cars/763446/flipper-zero-car-theft-firmware-hack-key-fob,The Verge,Market,"Is the Flipper Zero the next big car theft gadget? 404 Media has a report out about an underground software market that enables the Flipper Zero to be used to unlock a wide variety of vehicles, including Ford, Audi, Volkswagen, Subaru, Hyundai, Kia, and several other models. The hack works by intercepting and",Negative,-0.6
Fujifilm is raising the prices of its cameras again,"Just two weeks after raising the prices of its cameras by up to $800, Fujifilm is warning customers about another increase for US customers. In a statement provided to DPReview, the Japanese company says it will “further adjust prices” as it contends with “vo…","<ul><li></li><li></li><li></li></ul>
Youll have until August 30th to buy Fujifilm products before another price hike goes into effect.
Youll have until August 30th to buy Fujifilm products before a… [+2180 chars]",2025-08-18T16:42:41Z,https://www.theverge.com/news/760707/fujifilm-price-increase-cameras-tariffs,The Verge,Market,"Fujifilm is raising the prices of its cameras again Just two weeks after raising the prices of its cameras by up to 800, Fujifilm is warning customers about another increase for US customers. In a statement provided to DPReview, the Japanese company says it will further adjust prices as it contends with vo",Negative,-0.7
"Stock market today: S&P 500, Nasdaq notch fresh records as Oracle soars, with inflation data on deck - Yahoo Finance","<a href=""https://news.google.com/rss/articles/CBMi4AFBVV95cUxQZDA3V0w0V2FweUFxZ01HcU9oMlJtNExnVjJSbExMTTcyYWEtVk95VG81WFRGa0RTT2tueEdkTnhPYUt6NzhGTk5iejV6TGs4S2dINC1tU29NWEl1eGFUc1BXeHlwX2haX0NnaXBjZmVUSjJuSHBISVU1NS1ZTzVlTXE5ZWRObmJ0cmdXeTUyY3owdFljMWdUQXl2c2QxODJ4cHFKV1BCeWFCQ1pEdWVKaGdwRmJsY1ZsNG1qaU9neEZwYm9NY2VPSHZXSHJWdmdsMEhaN09wYVdTeUZWampiag?oc=5"" target=""_blank"">Stock market today: S&amp;P 500, Nasdaq notch fresh records as Oracle soars, with inflation data on deck</a>&nbsp;&nbsp;<font color=""#6f6f6f"">Yahoo Finance</font>",,"Wed, 10 Sep 2025 21:30:39 GMT",https://news.google.com/rss/articles/CBMi4AFBVV95cUxQZDA3V0w0V2FweUFxZ01HcU9oMlJtNExnVjJSbExMTTcyYWEtVk95VG81WFRGa0RTT2tueEdkTnhPYUt6NzhGTk5iejV6TGs4S2dINC1tU29NWEl1eGFUc1BXeHlwX2haX0NnaXBjZmVUSjJuSHBISVU1NS1ZTzVlTXE5ZWRObmJ0cmdXeTUyY3owdFljMWdUQXl2c2QxODJ4cHFKV1BCeWFCQ1pEdWVKaGdwRmJsY1ZsNG1qaU9neEZwYm9NY2VPSHZXSHJWdmdsMEhaN09wYVdTeUZWampiag?oc=5,Yahoo Finance,Market,"Stock market today: SP 500, Nasdaq notch fresh records as Oracle soars, with inflation data on deck - Yahoo Finance a href targetblankStock market today: Samp;P 500, Nasdaq notch fresh records as Oracle soars, with inflation data on deckanbsp;nbsp;font colorYahoo Financefont",Positive,0.6
"S&P 500 closes at record for second day on inflation data, Oracle stock surge - CNBC","<a href=""https://news.google.com/rss/articles/CBMid0FVX3lxTE5MYU1NdGRnNElPTHRnWHVSSzJOekxIWnRucFhHTjlUMjFaTHJjdzRub09YblByXzJMMThzYjRGM0VvbElaSVdpNWRxS183MGlkS1lZUDQ2TjhlRWlTZXNidlZzMUk3NHNYTTlkcVBSRTk4NGNMcmFj0gF8QVVfeXFMTlRXa0laV3FTSHpEcDczU2NNWkE2N0xPSnh2c2I0Nk44YWZOejBIQ290b0xBT1cyQUhDdmY4OEVpTzktS2lzRDh2Ulc4OW14R2ljc1hYSnoyNm5vemFSNXRiYnFzSTdEbEw0MVBKcDBOYmNiTkhnbEV5dDA2VA?oc=5"" target=""_blank"">S&amp;P 500 closes at record for second day on inflation data, Oracle stock surge</a>&nbsp;&nbsp;<font color=""#6f6f6f"">CNBC</font>",,"Wed, 10 Sep 2025 21:12:35 GMT",https://news.google.com/rss/articles/CBMid0FVX3lxTE5MYU1NdGRnNElPTHRnWHVSSzJOekxIWnRucFhHTjlUMjFaTHJjdzRub09YblByXzJMMThzYjRGM0VvbElaSVdpNWRxS183MGlkS1lZUDQ2TjhlRWlTZXNidlZzMUk3NHNYTTlkcVBSRTk4NGNMcmFj0gF8QVVfeXFMTlRXa0laV3FTSHpEcDczU2NNWkE2N0xPSnh2c2I0Nk44YWZOejBIQ290b0xBT1cyQUhDdmY4OEVpTzktS2lzRDh2Ulc4OW14R2ljc1hYSnoyNm5vemFSNXRiYnFzSTdEbEw0MVBKcDBOYmNiTkhnbEV5dDA2VA?oc=5,CNBC,Market,"SP 500 closes at record for second day on inflation data, Oracle stock surge - CNBC a href targetblankSamp;P 500 closes at record for second day on inflation data, Oracle stock surgeanbsp;nbsp;font colorCNBCfont",Positive,0.7
The rough road ahead for market whisperer Bessent - Politico,"<a href=""https://news.google.com/rss/articles/CBMiiwFBVV95cUxQQ3lCQ25zQlYyLWZJRDFXWk9Uc01uZjhwX0huNnVKSms4bE9kb0ZobV9uSTg4MUF2dWRFNEdUb3VheXdKM2xzQWxlSlZfRkpiZHNaTXd5OHExbUZxZDRfSkpkU0xxbXBNU1pDT2pWblhCRndocWZibGZZd1Y2YzVKUlVPZ0tvSkZ6djkw?oc=5"" target=""_blank"">The rough road ahead for market whisperer Bessent</a>&nbsp;&nbsp;<font color=""#6f6f6f"">Politico</font>",,"Mon, 08 Sep 2025 23:18:03 GMT",https://news.google.com/rss/articles/CBMiiwFBVV95cUxQQ3lCQ25zQlYyLWZJRDFXWk9Uc01uZjhwX0huNnVKSms4bE9kb0ZobV9uSTg4MUF2dWRFNEdUb3VheXdKM2xzQWxlSlZfRkpiZHNaTXd5OHExbUZxZDRfSkpkU0xxbXBNU1pDT2pWblhCRndocWZibGZZd1Y2YzVKUlVPZ0tvSkZ6djkw?oc=5,Politico,Market,The rough road ahead for market whisperer Bessent - Politico a href targetblankThe rough road ahead for market whisperer Bessentanbsp;nbsp;font colorPoliticofont,Negative,-0.5
Oil Holds Three-Day Gain With Trump’s Next Russia Move In Focus - Bloomberg.com,"<a href=""https://news.google.com/rss/articles/CBMinwFBVV95cUxNQ0xHVzJzNmRqVGRxRUlmZjBPa2otVC1TU050WXEzX3lkZnlXODBISHJMeVdrUzNKRTJ1OWJKMTFzOUF3S1p0cUhNT0FuYWhtMU9iQ0JzdWxRcW5iLTVHZHVlMmw3OEZRaV91MW5seUFYZDZmYkdDWkI0UG9NcVY3Y3dzQTVESjdzcWNHRGtfclk2RWtlWGVFQVVxM0JnSkE?oc=5"" target=""_blank"">Oil Holds Three-Day Gain With Trump’s Next Russia Move In Focus</a>&nbsp;&nbsp;<font color=""#6f6f6f"">Bloomberg.com</font>",,"Thu, 11 Sep 2025 00:51:00 GMT",https://news.google.com/rss/articles/CBMinwFBVV95cUxNQ0xHVzJzNmRqVGRxRUlmZjBPa2otVC1TU050WXEzX3lkZnlXODBISHJMeVdrUzNKRTJ1OWJKMTFzOUF3S1p0cUhNT0FuYWhtMU9iQ0JzdWxRcW5iLTVHZHVlMmw3OEZRaV91MW5seUFYZDZmYkdDWkI0UG9NcVY3Y3dzQTVESjdzcWNHRGtfclk2RWtlWGVFQVVxM0JnSkE?oc=5,Bloomberg.com,Market,Oil Holds Three-Day Gain With Trumps Next Russia Move In Focus - Bloomberg.com a href targetblankOil Holds Three-Day Gain With Trumps Next Russia Move In Focusanbsp;nbsp;font colorBloomberg.comfont,Neutral,0.0
"President Trump's Tariffs Could Sink the Stock Market, but Investors Have Another Serious Problem - The Motley Fool","<a href=""https://news.google.com/rss/articles/CBMimAFBVV95cUxOVDR3WDRTYTloTVpLRS1DRncza19HZmZCOWFKS0YxanhINjl5TEZYdmhhenE1WUdOYVVmVkVTQkJEWDNVYlhjUTh3LWowOWpGUjR1NVc5R21iLWIyZ0dPZVBiTFRPZ19BMnN3ZC1BS1Z2YVFOWDV0MDJ1eHd1RGo3c1MwVW5Xdi0xX0tYM09ycWM5XzllSUVZRA?oc=5"" target=""_blank"">President Trump's Tariffs Could Sink the Stock Market, but Investors Have Another Serious Problem</a>&nbsp;&nbsp;<font color=""#6f6f6f"">The Motley Fool</font>",,"Tue, 09 Sep 2025 08:02:00 GMT",https://news.google.com/rss/articles/CBMimAFBVV95cUxOVDR3WDRTYTloTVpLRS1DRncza19HZmZCOWFKS0YxanhINjl5TEZYdmhhenE1WUdOYVVmVkVTQkJEWDNVYlhjUTh3LWowOWpGUjR1NVc5R21iLWIyZ0dPZVBiTFRPZ19BMnN3ZC1BS1Z2YVFOWDV0MDJ1eHd1RGo3c1MwVW5Xdi0xX0tYM09ycWM5XzllSUVZRA?oc=5,The Motley Fool,Market,"President Trump's Tariffs Could Sink the Stock Market, but Investors Have Another Serious Problem - The Motley Fool a href targetblankPresident Trump's Tariffs Could Sink the Stock Market, but Investors Have Another Serious Problemanbsp;nbsp;font colorThe Motley Foolfont",Negative,-0.6
I'm a machine learning engineer at Amazon who anticipated the ML boom. Here's my advice for staying ahead.,Suvendu Mohanty changed from software to ML engineering before the AI boom. Here's how he made the switch — and his advice for preempting trends.,"Amazon ML engineer Suvendu Mohanty said TK.Suvendu Mohanty
<ul><li>Suvendu Mohanty is a machine learning engineer at Amazon. He started in software engineering before switching over.</li><li>""If you… [+3305 chars]",2025-09-01T10:45:02Z,https://www.businessinsider.com/machine-learning-engineer-amazon-career-change-software-2025-9,Business Insider,AI Trends,I'm a machine learning engineer at Amazon who anticipated the ML boom. Here's my advice for staying ahead. Suvendu Mohanty changed from software to ML engineering before the AI boom. Here's how he made the switch and his advice for preempting trends.,Positive,0.8
"AI Use at Large Companies Is in Decline, Census Bureau Says",A dip in corporate AI adoption isn't a great sign for an industry hellbent on world domination.,"For the past few years, the AI industry has been charging full steam ahead, in what can sometimes feel like a pell-mell mad dash to take over the world. Ever since the launch of ChatGPT in 2022, the … [+2018 chars]",2025-09-09T13:23:36Z,https://gizmodo.com/ai-adoption-declining-at-large-companies-2000655693,Gizmodo.com,AI Trends,"AI Use at Large Companies Is in Decline, Census Bureau Says A dip in corporate AI adoption isn't a great sign for an industry hellbent on world domination.",Negative,-0.6
Google’s AI Ambitions An ‘Existential Crisis’ For News Online,"Critics warn that this shift risks creating “echo chambers” filled with sensationalism and clickbait, at the expense of thorough, investigative journalism.","Amid mounting concerns over its monopoly in online search, Googles intensified integration of artificial intelligence into how it presents the world’s news outlets is prompting a seismic shift in the… [+3633 chars]",2025-09-06T15:30:27Z,https://gizmodo.com/google-zero-ai-news-2000654965,Gizmodo.com,AI Trends,"Googles AI Ambitions An Existential Crisis For News Online Critics warn that this shift risks creating echo chambers filled with sensationalism and clickbait, at the expense of thorough, investigative journalism.",Negative,-0.7
Your robot is about to get its own robot,This year's IFA seems to be all about putting one piece of tech inside another piece of tech. Motion sensing inside of light bulbs. Projectors inside of party speakers. And my personal favorite: a robot that's built to ferry another robot. This week on The Ve…,"<ul><li></li><li></li></ul>
On The Vergecast: robovacs and smart lights at IFA, the Google antitrust remedies, and more thoughts on AI zoom.
On The Vergecast: robovacs and smart lights at IFA, the … [+2283 chars]",2025-09-05T12:30:29Z,https://www.theverge.com/the-vergecast/772231/ifa-robots-smart-lights-google-antitrust-vergecast,The Verge,AI Trends,Your robot is about to get its own robot This year's IFA seems to be all about putting one piece of tech inside another piece of tech. Motion sensing inside of light bulbs. Projectors inside of party speakers. And my personal favorite: a robot that's built to ferry another robot. This week on The Ve,Neutral,0.0
Fitbit’s AI health coach is the first I might actually be interested in,"I'm not a fan of AI health and fitness features. Not only do they regurgitate Captain Obvious-level summaries of what you just did, but the ""insights"" are so generalized that a Google search is often more helpful. So it was with great skepticism that I walked…","<ul><li></li><li></li><li></li></ul>
Its a complete overhaul of the Fitbit app, centered around the concept of adjustable, conversational coaching.
by
Victoria SongClose
Victoria Song
Senior Rev… [+8757 chars]",2025-08-20T15:49:05Z,https://www.theverge.com/hands-on/761965/fitbits-ai-health-coach-is-the-first-i-might-actually-be-interested-in,The Verge,AI Trends,"Fitbits AI health coach is the first I might actually be interested in I'm not a fan of AI health and fitness features. Not only do they regurgitate Captain Obvious-level summaries of what you just did, but the insights are so generalized that a Google search is often more helpful. So it was with great skepticism that I walked",Positive,0.8
Reolink continues innovating with two new major product launches at IFA 2025,"A new 4K floodlight security camera, and more AI smarts for your videos.","IFA 2025 is one of the biggest tech expos of the year, held annually in Berlin, and security camera specialist Reolink is using the opportunity to introduce two new innovative products to its range: … [+5946 chars]",2025-09-05T13:00:32Z,https://gizmodo.com/reolink-continues-innovating-with-two-new-major-product-launches-at-ifa-2025-2000653701,Gizmodo.com,AI Trends,"Reolink continues innovating with two new major product launches at IFA 2025 A new 4K floodlight security camera, and more AI smarts for your videos.",Positive,0.5
Nvidia Price Target Raised To At Wells Fargo,China chip sales and trade trends fuel bullish outlook,"Nvidia (NASDAQ:NVDA) got a vote of confidence from Wells Fargo on Monday, with the bank lifting its price target to $220 from $185 and keeping an Overweight rating. The call from analyst Aaron Rakers… [+955 chars]",2025-08-11T18:32:54Z,https://finance.yahoo.com/news/nvidia-price-target-raised-wells-183254914.html,Yahoo Entertainment,AI Trends,Nvidia Price Target Raised To At Wells Fargo China chip sales and trade trends fuel bullish outlook,Positive,0.7
14 slang words Gen Zers are using in 2025 and what they really mean,These are 14 terms — from TikTok slang to rising trends — you might hear your Gen Z coworker using in 2025.,"Younger generations' slang is changing rapidly thanks to social media.PeopleImages.com - Yuri A/Shutterstock
<ul><li>Gen Z slang, powered by the internet, changes quickly.</li><li>Some popular slang… [+9967 chars]",2025-08-26T17:01:07Z,https://www.businessinsider.com/gen-z-slang-definitions-2025-8,Business Insider,AI Trends,14 slang words Gen Zers are using in 2025 and what they really mean These are 14 terms from TikTok slang to rising trends you might hear your Gen Z coworker using in 2025.,Neutral,0.0
Her 6-Year-Old Son Told Her He Wanted to Die. So She Built an AI Company to Save Him,"The world of AI therapy is a minefield of dangerous chatbots and flawed advice. But against this backdrop, one founder is using her own family's crisis to build a company that puts human connection first.","The burgeoning world of AI-powered mental health support is a minefield. From chatbots giving dangerously incorrect medical advice to AI companions encouraging self-harm, the headlines are filled wit… [+5205 chars]",2025-08-13T19:49:44Z,https://gizmodo.com/mental-health-ai-backpack-2000642729,Gizmodo.com,AI Trends,"Her 6-Year-Old Son Told Her He Wanted to Die. So She Built an AI Company to Save Him The world of AI therapy is a minefield of dangerous chatbots and flawed advice. But against this backdrop, one founder is using her own family's crisis to build a company that puts human connection first.",Positive,0.6
"2025 Tech Trends: AI Dominance, Quantum Leaps, and Green Innovations - WebProNews","<a href=""https://news.google.com/rss/articles/CBMimAFBVV95cUxNQW9ZSWNvUFdqcEprZVByWTQ0U05rMG9sQXFXVDJJUklvQ1dWYWhBalFPSGJkSFA0ckttNklhNTJ5UE5fMHNOY1VoTmpodHV6R3lCQ2lEd0hReFNCUUNFVEdDOWVhWXJfeThnWlhPa0NuWGI3TVdBVV9MbFJjdXBTcnZXRWFaYkkzYzlScnB4djJUcjAyS0FPTw?oc=5"" target=""_blank"">2025 Tech Trends: AI Dominance, Quantum Leaps, and Green Innovations</a>&nbsp;&nbsp;<font color=""#6f6f6f"">WebProNews</font>",,"Wed, 10 Sep 2025 17:47:13 GMT",https://news.google.com/rss/articles/CBMimAFBVV95cUxNQW9ZSWNvUFdqcEprZVByWTQ0U05rMG9sQXFXVDJJUklvQ1dWYWhBalFPSGJkSFA0ckttNklhNTJ5UE5fMHNOY1VoTmpodHV6R3lCQ2lEd0hReFNCUUNFVEdDOWVhWXJfeThnWlhPa0NuWGI3TVdBVV9MbFJjdXBTcnZXRWFaYkkzYzlScnB4djJUcjAyS0FPTw?oc=5,WebProNews,AI Trends,"2025 Tech Trends: AI Dominance, Quantum Leaps, and Green Innovations - WebProNews a href targetblank2025 Tech Trends: AI Dominance, Quantum Leaps, and Green Innovationsanbsp;nbsp;font colorWebProNewsfont",Positive,0.8
"On-Demand: APAC Tech Policy Trends: AI, Data Privacy, and Emerging Regulations - FiscalNote","<a href=""https://news.google.com/rss/articles/CBMiakFVX3lxTE9VX1QwbE0tVDVZZ19MeU9Bak1aa0NhN2U1cXpGOVJYMlIxM3FmZnpjaHA1QWc3bmpvZDQ0VURGd0hWcEM5dlNYMHVSam9PbWx5MlpqcXpzWTJOSlBjbjBnM0E3Q2VyMlJmc1E?oc=5"" target=""_blank"">On-Demand: APAC Tech Policy Trends: AI, Data Privacy, and Emerging Regulations</a>&nbsp;&nbsp;<font color=""#6f6f6f"">FiscalNote</font>",,"Wed, 10 Sep 2025 15:38:06 GMT",https://news.google.com/rss/articles/CBMiakFVX3lxTE9VX1QwbE0tVDVZZ19MeU9Bak1aa0NhN2U1cXpGOVJYMlIxM3FmZnpjaHA1QWc3bmpvZDQ0VURGd0hWcEM5dlNYMHVSam9PbWx5MlpqcXpzWTJOSlBjbjBnM0E3Q2VyMlJmc1E?oc=5,FiscalNote,AI Trends,"On-Demand: APAC Tech Policy Trends: AI, Data Privacy, and Emerging Regulations - FiscalNote a href targetblankOn-Demand: APAC Tech Policy Trends: AI, Data Privacy, and Emerging Regulationsanbsp;nbsp;font colorFiscalNotefont",Neutral,0.0
"Edge AI for Audio: Trends, Use Cases, and Predictions - All About Circuits","<a href=""https://news.google.com/rss/articles/CBMiqgFBVV95cUxPQW96X2ptcFhjN0ItbVZfSVpVVUs3YjBOeWhMS2JHejM1RkI1WEZhQkxtMF9YUFJfc3NYMGMtTWpZZWVvVU1YVWg4U0l4RjZSZ2xhVERKb201VWVlLXIza1pDRUc3NGVKNEo2aWhjZ2VGaG5fNmdLVlJBSFRIV2J3UzdfdE5PQ01UTlN4SDQyTzd5NlNDQlk2eU9YalRPWW83aHVfNXhvOXNYdw?oc=5"" target=""_blank"">Edge AI for Audio: Trends, Use Cases, and Predictions</a>&nbsp;&nbsp;<font color=""#6f6f6f"">All About Circuits</font>",,"Wed, 10 Sep 2025 20:31:07 GMT",https://news.google.com/rss/articles/CBMiqgFBVV95cUxPQW96X2ptcFhjN0ItbVZfSVpVVUs3YjBOeWhMS2JHejM1RkI1WEZhQkxtMF9YUFJfc3NYMGMtTWpZZWVvVU1YVWg4U0l4RjZSZ2xhVERKb201VWVlLXIza1pDRUc3NGVKNEo2aWhjZ2VGaG5fNmdLVlJBSFRIV2J3UzdfdE5PQ01UTlN4SDQyTzd5NlNDQlk2eU9YalRPWW83aHVfNXhvOXNYdw?oc=5,All About Circuits,AI Trends,"Edge AI for Audio: Trends, Use Cases, and Predictions - All About Circuits a href targetblankEdge AI for Audio: Trends, Use Cases, and Predictionsanbsp;nbsp;font colorAll About Circuitsfont",Neutral,0.0
Will Keurig Dr Pepper Inc. benefit from AI trends - Weekly Trade Report & Stepwise Swing Trade Plans - Lancaster City Council,"<a href=""https://news.google.com/rss/articles/CBMikwFBVV95cUxPOWxGSGlhbkxMWlA5NXg4YjcxS2phbDZBZFRzVXg3TUhxRmNoNjRLQkd2QVRScWdXNUE0aUxOLVRhYmgzZUVCWXhkRmJMWTU3RnE4ZDhKN28wSEhVdERWd3BLX3V4ZzljUzQzWDhwcWtOX2FWUUsycDQwYXpOWENwZHV3MTliZWZXR3BvblM0dGFtakE?oc=5"" target=""_blank"">Will Keurig Dr Pepper Inc. benefit from AI trends - Weekly Trade Report & Stepwise Swing Trade Plans</a>&nbsp;&nbsp;<font color=""#6f6f6f"">Lancaster City Council</font>",,"Tue, 09 Sep 2025 20:21:20 GMT",https://news.google.com/rss/articles/CBMikwFBVV95cUxPOWxGSGlhbkxMWlA5NXg4YjcxS2phbDZBZFRzVXg3TUhxRmNoNjRLQkd2QVRScWdXNUE0aUxOLVRhYmgzZUVCWXhkRmJMWTU3RnE4ZDhKN28wSEhVdERWd3BLX3V4ZzljUzQzWDhwcWtOX2FWUUsycDQwYXpOWENwZHV3MTliZWZXR3BvblM0dGFtakE?oc=5,Lancaster City Council,AI Trends,Will Keurig Dr Pepper Inc. benefit from AI trends - Weekly Trade Report Stepwise Swing Trade Plans - Lancaster City Council a href targetblankWill Keurig Dr Pepper Inc. benefit from AI trends - Weekly Trade Report Stepwise Swing Trade Plansanbsp;nbsp;font colorLancaster City Councilfont,Neutral,0.0
"A doc in the trenches talks about the latest trends in AI, VBC and RPM - Healthcare IT News","<a href=""https://news.google.com/rss/articles/CBMilAFBVV95cUxPQ2FOS1JHZXR6eDF6d2ZKLW0wWUNiR2JFZGxyM3pRTEpxcm1qSFo3M1FGdEZVLUotLVh4LXNWNEtJcUhHclZNZ29sZ0lNUlU3el9jZEtrdXQzaFplS3ZtZEFIRWxFd2d1N0YzQlJTd2pLU2UxU3Zka3dDWWVMN3hUTjRyOThJZTRMMWdwektDQk85NG5S?oc=5"" target=""_blank"">A doc in the trenches talks about the latest trends in AI, VBC and RPM</a>&nbsp;&nbsp;<font color=""#6f6f6f"">Healthcare IT News</font>",,"Tue, 09 Sep 2025 14:57:00 GMT",https://news.google.com/rss/articles/CBMilAFBVV95cUxPQ2FOS1JHZXR6eDF6d2ZKLW0wWUNiR2JFZGxyM3pRTEpxcm1qSFo3M1FGdEZVLUotLVh4LXNWNEtJcUhHclZNZ29sZ0lNUlU3el9jZEtrdXQzaFplS3ZtZEFIRWxFd2d1N0YzQlJTd2pLU2UxU3Zka3dDWWVMN3hUTjRyOThJZTRMMWdwektDQk85NG5S?oc=5,Healthcare IT News,AI Trends,"A doc in the trenches talks about the latest trends in AI, VBC and RPM - Healthcare IT News a href targetblankA doc in the trenches talks about the latest trends in AI, VBC and RPManbsp;nbsp;font colorHealthcare IT Newsfont",Neutral,0.0
